,label
0,male
1,male
2,male
3,male
4,male
5,female
6,female
7,male
8,male
9,female
10,female
11,female
12,female
13,female
14,male
15,female
16,female
17,female
18,male
19,female
20,female
21,male
22,female
23,female
24,female
25,female
26,male
27,male
28,female
29,male
30,male
31,male
32,male
33,female
34,female
35,female
36,female
37,female
38,male
39,female
40,male
41,male
42,female
43,female
44,male
45,male
46,female
47,female
48,female
49,male
50,male
51,male
52,male
53,male
54,female
55,female
56,male
57,female
58,male
59,male
60,female
61,female
62,female
63,female
64,female
65,female
66,male
67,female
68,male
69,male
70,female
71,female
72,female
73,female
74,female
75,female
76,female
77,male
78,female
79,female
80,female
81,female
82,male
83,male
84,male
85,male
86,female
87,female
88,female
89,male
90,female
91,male
92,female
93,male
94,female
95,female
96,male
97,female
98,male
99,female
100,female
101,female
102,male
103,male
104,male
105,male
106,female
107,male
108,female
109,male
110,female
111,male
112,female
113,male
114,female
115,female
116,female
117,female
118,female
119,male
120,male
121,female
122,female
123,male
124,male
125,male
126,female
127,female
128,female
129,male
130,male
131,male
132,female
133,male
134,female
135,male
136,female
137,female
138,female
139,male
140,female
141,female
142,male
143,male
144,male
145,male
146,female
147,male
148,female
149,male
150,female
151,female
152,male
153,male
154,male
155,female
156,male
157,female
158,male
159,male
160,male
161,female
162,male
163,female
164,male
165,female
166,female
167,female
168,female
169,female
170,male
171,male
172,female
173,male
174,female
175,female
176,male
177,female
178,female
179,male
180,female
181,female
182,male
183,female
184,male
185,male
186,female
187,male
188,female
189,female
190,female
191,male
192,female
193,female
194,female
195,male
196,male
197,female
198,female
199,female
200,female
201,male
202,female
203,female
204,female
205,female
206,female
207,male
208,female
209,female
210,male
211,female
212,female
213,male
214,female
215,male
216,male
217,female
218,female
219,male
220,male
221,female
222,female
223,male
224,male
225,male
226,male
227,male
228,female
229,female
230,female
231,female
232,male
233,female
234,female
235,female
236,female
237,female
238,female
239,male
240,male
241,male
242,male
243,female
244,male
245,male
246,male
247,female
248,female
249,female
250,female
251,female
252,female
253,female
254,male
255,female
256,male
257,male
258,male
259,male
260,male
261,female
262,female
263,male
264,male
265,female
266,male
267,female
268,male
269,female
270,female
271,male
272,male
273,male
274,female
275,male
276,female
277,male
278,male
279,female
280,female
281,male
282,male
283,female
284,female
285,male
286,male
287,female
288,female
289,female
290,male
291,male
292,male
293,male
294,male
295,male
296,female
297,female
298,male
299,male
300,female
301,female
302,male
303,male
304,female
305,female
306,male
307,male
308,male
309,female
310,female
311,male
312,male
313,male
314,male
315,female
316,female
317,female
318,male
319,female
320,female
321,male
322,female
323,male
324,male
325,female
326,male
327,male
328,male
329,male
330,female
331,female
332,male
333,female
334,female
335,female
336,male
337,male
338,female
339,male
340,male
341,female
342,male
343,male
344,female
345,female
346,male
347,male
348,female
349,female
350,male
351,male
352,male
353,male
354,female
355,female
356,female
357,male
358,female
359,female
360,male
361,male
362,male
363,female
364,female
365,female
366,male
367,male
368,male
369,female
370,female
371,female
372,female
373,male
374,male
375,male
376,female
377,female
378,female
379,female
380,male
381,male
382,female
383,male
384,male
385,female
386,female
387,female
388,male
389,male
390,male
391,male
392,male
393,male
394,male
395,female
396,female
397,female
398,female
399,male
400,male
401,female
402,female
403,female
404,male
405,female
406,female
407,female
408,male
409,female
410,female
411,female
412,male
413,female
414,female
415,female
416,female
417,female
418,female
419,female
420,female
421,female
422,male
423,female
424,male
425,male
426,female
427,female
428,female
429,male
430,female
431,female
432,female
433,female
434,female
435,female
436,male
437,male
438,male
439,female
440,male
441,female
442,male
443,female
444,female
445,female
446,male
447,female
448,male
449,female
450,female
451,male
452,male
453,male
454,female
455,female
456,female
457,male
458,male
459,male
460,male
461,male
462,female
463,female
464,female
465,female
466,female
467,female
468,female
469,male
470,female
471,male
472,female
473,female
474,female
475,female
476,female
477,female
478,female
479,male
480,female
481,male
482,female
483,male
484,female
485,female
486,male
487,male
488,male
489,female
490,female
491,male
492,male
493,male
494,male
495,female
496,female
497,female
498,female
499,female
500,male
501,male
502,male
503,female
504,female
505,male
506,male
507,female
508,male
509,male
510,female
511,male
512,male
513,male
514,female
515,male
516,female
517,female
518,female
519,female
520,female
521,female
522,male
523,male
524,male
525,male
526,male
527,male
528,female
529,male
530,male
531,female
532,female
533,female
534,female
535,female
536,female
537,female
538,male
539,female
540,female
541,female
542,female
543,female
544,female
545,female
546,female
547,female
548,male
549,male
550,female
551,female
552,female
553,female
554,female
555,female
556,female
557,male
558,male
559,female
560,female
561,male
562,female
563,male
564,male
565,female
566,female
567,male
568,male
569,female
570,male
571,female
572,male
573,male
574,female
575,male
576,female
577,male
578,male
579,female
580,female
581,male
582,female
583,male
584,male
585,female
586,female
587,female
588,female
589,female
590,male
591,female
592,female
593,female
594,male
595,female
596,female
597,female
598,female
599,male
600,female
601,male
602,female
603,male
604,male
605,female
606,male
607,male
608,male
609,male
610,female
611,female
612,male
613,male
614,female
615,female
616,male
617,female
618,male
619,male
620,male
621,male
622,male
623,male
624,male
625,male
626,male
627,female
628,female
629,male
630,female
631,male
632,male
633,female
634,female
635,male
636,female
637,male
638,male
639,male
640,male
641,female
642,female
643,female
644,male
645,female
646,female
647,female
648,female
649,female
650,female
651,female
652,male
653,female
654,male
655,male
656,female
657,male
658,male
659,male
660,male
661,female
662,female
663,female
664,female
665,male
666,male
667,female
668,male
669,female
670,male
671,male
672,male
673,female
674,male
675,female
676,female
677,male
678,female
679,male
680,female
681,female
682,male
683,male
684,male
685,male
686,female
687,male
688,female
689,female
690,female
691,female
692,female
693,male
694,female
695,male
696,male
697,female
698,male
699,female
700,male
701,female
702,female
703,male
704,male
705,female
706,male
707,male
708,female
709,female
710,female
711,male
712,male
713,female
714,female
715,female
716,female
717,female
718,male
719,female
720,female
721,male
722,female
723,male
724,female
725,male
726,female
727,female
728,male
729,female
730,female
731,male
732,male
733,female
734,female
735,female
736,male
737,female
738,female
739,female
740,male
741,female
742,female
743,female
744,male
745,female
746,female
747,male
748,male
749,female
750,female
751,female
752,female
753,male
754,female
755,male
756,female
757,female
758,female
759,female
760,male
761,female
762,male
763,male
764,female
765,female
766,female
767,male
768,female
769,female
770,male
771,female
772,male
773,male
774,male
775,male
776,female
777,male
778,female
779,male
780,female
781,female
782,male
783,female
784,female
785,female
786,male
787,female
788,female
789,female
790,male
791,male
792,female
793,male
794,male
795,female
796,male
797,female
798,female
799,male
800,male
801,female
802,female
803,male
804,female
805,female
806,female
807,male
808,female
809,female
810,female
811,male
812,female
813,male
814,female
815,male
816,female
817,male
818,female
819,male
820,female
821,male
822,female
823,male
824,female
825,female
826,female
827,male
828,male
829,male
830,male
831,male
832,female
833,female
834,male
835,female
836,female
837,male
838,male
839,female
840,male
841,male
842,male
843,female
844,male
845,female
846,female
847,female
848,male
849,male
850,male
851,female
852,male
853,male
854,male
855,male
856,male
857,female
858,male
859,female
860,female
861,female
862,female
863,male
864,male
865,male
866,female
867,female
868,female
869,male
870,female
871,female
872,female
873,male
874,female
875,female
876,female
877,male
878,female
879,male
880,male
881,female
882,female
883,male
884,female
885,male
886,female
887,female
888,female
889,male
890,female
891,male
892,female
893,male
894,male
895,male
896,male
897,male
898,female
899,female
900,male
901,female
902,male
903,female
904,female
905,male
906,male
907,male
908,female
909,male
910,female
911,female
912,female
913,male
914,female
915,male
916,female
917,female
918,female
919,female
920,male
921,female
922,female
923,female
924,male
925,male
926,male
927,female
928,female
929,female
930,female
931,male
932,female
933,male
934,male
935,male
936,female
937,female
938,male
939,male
940,female
941,female
942,male
943,female
944,male
945,male
946,male
947,female
948,female
949,female
950,male
951,female
952,female
953,male
954,female
955,male
956,male
957,female
958,female
959,female
960,male
961,female
962,female
963,male
964,female
965,male
966,female
967,male
968,female
969,female
970,female
971,female
972,male
973,male
974,male
975,male
976,male
977,female
978,female
979,male
980,female
981,female
982,female
983,female
984,female
985,male
986,male
987,female
988,female
989,male
990,female
991,male
992,female
993,female
994,female
995,male
996,male
997,female
998,female
999,female
1000,male
1001,male
1002,male
1003,female
1004,male
1005,female
1006,male
1007,male
1008,female
1009,female
1010,female
1011,male
1012,female
1013,male
1014,male
1015,female
1016,male
1017,female
1018,male
1019,male
1020,male
1021,male
1022,male
1023,female
1024,male
1025,male
1026,female
1027,female
1028,male
1029,female
1030,female
1031,male
1032,male
1033,male
1034,male
1035,male
1036,female
1037,female
1038,female
1039,female
1040,male
1041,female
1042,female
1043,male
1044,male
1045,male
1046,female
1047,female
1048,male
1049,male
1050,female
1051,male
1052,female
1053,female
1054,male
1055,female
1056,female
1057,male
1058,male
1059,female
1060,female
1061,female
1062,male
1063,male
1064,female
1065,female
1066,male
1067,female
1068,male
1069,male
1070,male
1071,male
1072,male
1073,male
1074,female
1075,male
1076,female
1077,female
1078,female
1079,male
1080,female
1081,male
1082,female
1083,male
1084,male
1085,female
1086,female
1087,female
1088,male
1089,male
1090,male
1091,female
1092,female
1093,female
1094,female
1095,female
1096,female
1097,male
1098,female
1099,female
1100,female
1101,female
1102,female
1103,female
1104,male
1105,male
1106,female
1107,female
1108,male
1109,female
1110,female
1111,female
1112,female
1113,female
1114,female
1115,male
1116,female
1117,female
1118,male
1119,male
1120,female
1121,female
1122,male
1123,male
1124,male
1125,female
1126,female
1127,female
1128,male
1129,male
1130,female
1131,female
1132,male
1133,female
1134,male
1135,female
1136,female
1137,male
1138,female
1139,female
1140,female
1141,female
1142,female
1143,male
1144,male
1145,female
1146,male
1147,male
1148,female
1149,male
1150,female
1151,male
1152,female
1153,male
1154,male
1155,male
1156,male
1157,female
1158,female
1159,female
1160,male
1161,female
1162,male
1163,male
1164,male
1165,male
1166,female
1167,male
1168,female
1169,female
1170,male
1171,female
1172,male
1173,female
1174,female
1175,male
1176,female
1177,female
1178,female
1179,female
1180,male
1181,female
1182,female
1183,male
1184,female
1185,male
1186,female
1187,male
1188,male
1189,female
1190,male
1191,male
1192,female
1193,male
1194,female
1195,male
1196,female
1197,female
1198,female
1199,male
1200,female
1201,male
1202,female
1203,female
1204,male
1205,female
1206,female
1207,male
1208,female
1209,male
1210,male
1211,male
1212,female
1213,female
1214,male
1215,male
1216,female
1217,male
1218,female
1219,female
1220,female
1221,female
1222,male
1223,female
1224,male
1225,male
1226,male
1227,male
1228,male
1229,male
1230,male
1231,male
1232,male
1233,female
1234,male
1235,male
1236,female
1237,male
1238,female
1239,female
1240,female
1241,male
1242,female
1243,female
1244,male
1245,female
1246,male
1247,female
1248,female
1249,male
1250,female
1251,male
1252,female
1253,female
1254,female
1255,female
1256,female
1257,female
1258,male
1259,female
1260,female
1261,male
1262,male
1263,male
1264,female
1265,male
1266,male
1267,female
1268,male
1269,male
1270,female
1271,female
1272,male
1273,female
1274,male
1275,female
1276,female
1277,female
1278,female
1279,female
1280,female
1281,male
1282,male
1283,male
1284,female
1285,female
1286,female
1287,male
1288,male
1289,female
1290,male
1291,female
1292,male
1293,male
1294,female
1295,female
1296,male
1297,female
1298,female
1299,male
1300,female
1301,male
1302,female
1303,female
1304,male
1305,female
1306,female
1307,male
1308,female
1309,male
1310,male
1311,female
1312,female
1313,female
1314,male
1315,male
1316,female
1317,female
1318,female
1319,female
1320,male
1321,female
1322,female
1323,female
1324,female
1325,female
1326,male
1327,female
1328,female
1329,female
1330,male
1331,male
1332,female
1333,female
1334,female
1335,male
1336,female
1337,female
1338,male
1339,male
1340,male
1341,female
1342,female
1343,female
1344,female
1345,male
1346,female
1347,female
1348,male
1349,male
1350,female
1351,female
1352,male
1353,male
1354,female
1355,female
1356,female
1357,female
1358,female
1359,male
1360,male
1361,male
1362,male
1363,male
1364,male
1365,male
1366,female
1367,female
1368,male
1369,male
1370,female
1371,male
1372,female
1373,female
1374,male
1375,female
1376,female
1377,female
1378,female
1379,female
1380,male
1381,male
1382,female
1383,male
1384,female
1385,female
1386,male
1387,female
1388,male
1389,male
1390,male
1391,female
1392,female
1393,female
1394,female
1395,male
1396,female
1397,male
1398,female
1399,female
1400,female
1401,male
1402,female
1403,female
1404,female
1405,male
1406,female
1407,female
1408,male
1409,male
1410,female
1411,female
1412,female
1413,female
1414,female
1415,male
1416,male
1417,female
1418,male
1419,female
1420,female
1421,male
1422,male
1423,female
1424,female
1425,female
1426,female
1427,male
1428,female
1429,male
1430,male
1431,male
1432,male
1433,female
1434,male
1435,male
1436,female
1437,female
1438,female
1439,female
1440,female
1441,male
1442,female
1443,female
1444,male
1445,male
1446,female
1447,female
1448,female
1449,male
1450,female
1451,female
1452,female
1453,female
1454,female
1455,female
1456,female
1457,female
1458,female
1459,female
1460,male
1461,male
1462,male
1463,female
1464,male
1465,female
1466,female
1467,female
1468,male
1469,female
1470,male
1471,female
1472,female
1473,female
1474,male
1475,male
1476,male
1477,male
1478,female
1479,female
1480,female
1481,male
1482,female
1483,female
1484,male
1485,female
1486,male
1487,female
1488,female
1489,male
1490,female
1491,male
1492,male
1493,male
1494,male
1495,female
1496,female
1497,female
1498,male
1499,male
1500,male
1501,male
1502,female
1503,female
1504,female
1505,female
1506,male
1507,female
1508,female
1509,male
1510,male
1511,male
1512,female
1513,female
1514,male
1515,male
1516,female
1517,female
1518,female
1519,female
1520,male
1521,female
1522,male
1523,female
1524,female
1525,female
1526,male
1527,male
1528,male
1529,female
1530,female
1531,male
1532,male
1533,female
1534,female
1535,female
1536,female
1537,female
1538,female
1539,female
1540,male
1541,male
1542,female
1543,female
1544,male
1545,female
1546,male
1547,female
1548,female
1549,male
1550,male
1551,male
1552,male
1553,male
1554,female
1555,male
1556,female
1557,female
1558,male
1559,male
1560,female
1561,female
1562,female
1563,female
1564,female
1565,female
1566,male
1567,female
1568,female
1569,male
1570,female
1571,male
1572,female
1573,female
1574,female
1575,male
1576,male
1577,female
1578,female
1579,female
1580,female
1581,male
1582,female
1583,female
1584,female
1585,male
1586,male
1587,female
1588,male
1589,male
1590,female
1591,male
1592,female
1593,female
1594,male
1595,female
1596,male
1597,male
1598,female
1599,male
1600,female
1601,male
1602,male
1603,female
1604,female
1605,female
1606,female
1607,male
1608,female
1609,male
1610,male
1611,female
1612,male
1613,female
1614,male
1615,male
1616,female
1617,female
1618,female
1619,male
1620,female
1621,female
1622,female
1623,female
1624,male
1625,male
1626,female
1627,female
1628,female
1629,male
1630,female
1631,female
1632,male
1633,female
1634,female
1635,female
1636,female
1637,female
1638,male
1639,male
1640,female
1641,female
1642,male
1643,female
1644,female
1645,female
1646,female
1647,female
1648,male
1649,female
1650,male
1651,female
1652,male
1653,female
1654,female
1655,female
1656,female
1657,male
1658,male
1659,female
1660,female
1661,male
1662,female
1663,female
1664,female
1665,male
1666,female
1667,female
1668,male
1669,female
1670,male
1671,male
1672,male
1673,male
1674,male
1675,male
1676,female
1677,female
1678,female
1679,female
1680,male
1681,female
1682,female
1683,female
1684,female
1685,male
1686,male
1687,female
1688,female
1689,female
1690,female
1691,female
1692,female
1693,male
1694,male
1695,female
1696,female
1697,male
1698,female
1699,male
1700,female
1701,female
1702,female
1703,female
1704,male
1705,female
1706,male
1707,female
1708,male
1709,male
1710,female
1711,female
1712,female
1713,female
1714,female
1715,male
1716,female
1717,male
1718,female
1719,female
1720,female
1721,female
1722,male
1723,female
1724,male
1725,female
1726,female
1727,female
1728,male
1729,male
1730,male
1731,male
1732,male
1733,female
1734,male
1735,female
1736,female
1737,male
1738,female
1739,male
1740,male
1741,female
1742,male
1743,female
1744,female
1745,female
1746,female
1747,female
1748,female
1749,male
1750,female
1751,female
1752,female
1753,male
1754,male
1755,female
1756,female
1757,female
1758,male
1759,male
1760,male
1761,female
1762,male
1763,female
1764,female
1765,female
1766,male
1767,male
1768,female
1769,male
1770,female
1771,female
1772,female
1773,female
1774,female
1775,female
1776,male
1777,female
1778,female
1779,female
1780,female
1781,female
1782,female
1783,male
1784,female
1785,female
1786,female
1787,female
1788,female
1789,male
1790,male
1791,male
1792,male
1793,female
1794,female
1795,female
1796,male
1797,male
1798,female
1799,female
1800,male
1801,female
1802,female
1803,male
1804,male
1805,female
1806,male
1807,female
1808,female
1809,female
1810,male
1811,female
1812,male
1813,male
1814,female
1815,female
1816,female
1817,male
1818,male
1819,female
1820,male
1821,female
1822,female
1823,female
1824,male
1825,male
1826,male
1827,female
1828,male
1829,female
1830,female
1831,female
1832,female
1833,male
1834,male
1835,female
1836,male
1837,male
1838,female
1839,female
1840,male
1841,female
1842,male
1843,male
1844,female
1845,male
1846,male
1847,male
1848,male
1849,male
1850,female
1851,female
1852,female
1853,female
1854,female
1855,female
1856,female
1857,female
1858,female
1859,female
1860,female
1861,male
1862,male
1863,male
1864,female
1865,male
1866,male
1867,male
1868,female
1869,female
1870,male
1871,female
1872,female
1873,female
1874,male
1875,female
1876,male
1877,female
1878,female
1879,female
1880,female
1881,female
1882,female
1883,female
1884,female
1885,female
1886,female
1887,female
1888,female
1889,female
1890,female
1891,female
1892,male
1893,female
1894,male
1895,male
1896,female
1897,female
1898,female
1899,female
1900,female
1901,male
1902,female
1903,male
1904,male
1905,male
1906,male
1907,female
1908,male
1909,female
1910,female
1911,female
1912,female
1913,male
1914,female
1915,male
1916,female
1917,female
1918,male
1919,male
1920,male
1921,female
1922,male
1923,female
1924,female
1925,female
1926,female
1927,female
1928,female
1929,female
1930,female
1931,female
1932,male
1933,female
1934,male
1935,female
1936,female
1937,female
1938,female
1939,male
1940,female
1941,male
1942,female
1943,male
1944,female
1945,female
1946,male
1947,female
1948,male
1949,female
1950,female
1951,male
1952,female
1953,male
1954,female
1955,male
1956,male
1957,male
1958,male
1959,female
1960,female
1961,male
1962,female
1963,female
1964,female
1965,male
1966,female
1967,female
1968,male
1969,male
1970,male
1971,male
1972,male
1973,male
1974,male
1975,female
1976,male
1977,male
1978,female
1979,male
1980,male
1981,female
1982,female
1983,female
1984,male
1985,male
1986,female
1987,female
1988,male
1989,female
1990,female
1991,female
1992,female
1993,male
1994,female
1995,male
1996,male
1997,female
1998,female
1999,female
2000,female
2001,male
2002,female
2003,male
2004,female
2005,male
2006,male
2007,female
2008,male
2009,male
2010,male
2011,female
2012,female
2013,female
2014,female
2015,female
2016,male
2017,female
2018,female
2019,male
2020,female
2021,female
2022,female
2023,male
2024,female
2025,male
2026,male
2027,female
2028,male
2029,male
2030,male
2031,male
2032,female
2033,female
2034,female
2035,male
2036,male
2037,female
2038,female
2039,male
2040,male
2041,male
2042,male
2043,female
2044,female
2045,female
2046,male
2047,female
2048,female
2049,male
2050,male
2051,female
2052,female
2053,female
2054,male
2055,male
2056,male
2057,male
2058,male
2059,female
2060,male
2061,female
2062,female
2063,male
2064,female
2065,female
2066,female
2067,male
2068,male
2069,female
2070,female
2071,male
2072,male
2073,female
2074,female
2075,female
2076,female
2077,female
2078,female
2079,male
2080,male
2081,female
2082,male
2083,female
2084,male
2085,male
2086,female
2087,female
2088,male
2089,male
2090,female
2091,male
2092,male
2093,male
2094,male
2095,female
2096,male
2097,female
2098,male
2099,male
2100,female
2101,male
2102,male
2103,female
2104,female
2105,female
2106,male
2107,male
2108,female
2109,female
2110,female
2111,female
2112,male
2113,male
2114,male
2115,male
2116,female
2117,male
2118,female
2119,male
2120,female
2121,female
2122,male
2123,female
2124,female
2125,female
2126,female
2127,female
2128,male
2129,female
2130,male
2131,male
2132,female
2133,female
2134,female
2135,female
2136,male
2137,female
2138,female
2139,male
2140,male
2141,female
2142,male
2143,male
2144,male
2145,female
2146,female
2147,female
2148,female
2149,female
2150,female
2151,male
2152,male
2153,female
2154,female
2155,female
2156,male
2157,female
2158,female
2159,female
2160,male
2161,male
2162,male
2163,female
2164,female
2165,male
2166,male
2167,female
2168,male
2169,female
2170,male
2171,female
2172,female
2173,female
2174,female
2175,female
2176,female
2177,male
2178,male
2179,female
2180,male
2181,male
2182,female
2183,female
2184,female
2185,female
2186,female
2187,female
2188,female
2189,male
2190,female
2191,male
2192,female
2193,male
2194,female
2195,male
2196,female
2197,male
2198,female
2199,male
2200,female
2201,male
2202,female
2203,female
2204,male
2205,female
2206,male
2207,male
2208,male
2209,female
2210,male
2211,female
2212,male
2213,female
2214,female
2215,male
2216,female
2217,female
2218,female
2219,female
2220,female
2221,male
2222,male
2223,female
2224,male
2225,male
2226,female
2227,female
2228,male
2229,female
2230,female
2231,female
2232,female
2233,male
2234,female
2235,female
2236,female
2237,female
2238,female
2239,male
2240,female
2241,female
2242,male
2243,female
2244,female
2245,female
2246,male
2247,male
2248,female
2249,female
2250,female
2251,male
2252,male
2253,female
2254,male
2255,male
2256,female
2257,female
2258,male
2259,male
2260,female
2261,male
2262,female
2263,female
2264,female
2265,female
2266,male
2267,female
2268,female
2269,male
2270,female
2271,male
2272,female
2273,female
2274,male
2275,female
2276,male
2277,male
2278,female
2279,female
2280,female
2281,male
2282,female
2283,female
2284,male
2285,male
2286,female
2287,male
2288,male
2289,male
2290,female
2291,male
2292,male
2293,female
2294,male
2295,male
2296,female
2297,female
2298,female
2299,male
2300,female
2301,female
2302,male
2303,male
2304,female
